source,target,PhyloDist,Family_source,Family_target,System_source,System_target
bg,bg,0,Slavic,Slavic,masc/fem/neu,masc/fem/neu
hi,bg,4792.53796424689,Indo-Iranian,Slavic,masc/fem,masc/fem/neu
pl,bg,1227.32029265216,Slavic,Slavic,masc/fem/neu,masc/fem/neu
sk,bg,1227.34011154993,Slavic,Slavic,masc/fem/neu,masc/fem/neu
sv,bg,4406.86389378275,Germanic,Slavic,com/neu,masc/fem/neu
nl,bg,4406.85654057838,Germanic,Slavic,com/neu,masc/fem/neu
el,bg,4536.49105152283,Greek,Slavic,masc/fem/neu,masc/fem/neu
sl,bg,820.785664859035,Slavic,Slavic,masc/fem/neu,masc/fem/neu
de,bg,4405.79770043158,Germanic,Slavic,masc/fem/neu,masc/fem/neu
da,bg,4406.60625962947,Germanic,Slavic,com/neu,masc/fem/neu
lt,bg,2457.35716819438,Baltic,Slavic,masc/fem,masc/fem/neu
ru,bg,1227.37728755284,Slavic,Slavic,masc/fem/neu,masc/fem/neu
cs,bg,1226.82435833036,Slavic,Slavic,masc/fem/neu,masc/fem/neu
lv,bg,2457.45889855487,Baltic,Slavic,masc/fem,masc/fem/neu
ro,bg,4407.02226644504,Romance,Slavic,masc/fem/neu,masc/fem/neu
ca,bg,4407.21204970195,Romance,Slavic,masc/fem,masc/fem/neu
hr,bg,666.07611935692,Slavic,Slavic,masc/fem/neu,masc/fem/neu
it,bg,4406.60200761501,Romance,Slavic,masc/fem,masc/fem/neu
pt,bg,4407.38129531158,Romance,Slavic,masc/fem,masc/fem/neu
es,bg,4407.28014290503,Romance,Slavic,masc/fem,masc/fem/neu
uk,bg,1227.68745860999,Slavic,Slavic,masc/fem/neu,masc/fem/neu
fr,bg,4405.42178892398,Romance,Slavic,masc/fem,masc/fem/neu
pl,hr,1226.97150832277,Slavic,Slavic,masc/fem/neu,masc/fem/neu
hi,hr,4792.1891799175,Indo-Iranian,Slavic,masc/fem,masc/fem/neu
sv,hr,4406.51510945336,Germanic,Slavic,com/neu,masc/fem/neu
lv,hr,2457.11011422549,Baltic,Slavic,masc/fem,masc/fem/neu
da,hr,4406.25747530009,Germanic,Slavic,com/neu,masc/fem/neu
de,hr,4405.44891610219,Germanic,Slavic,masc/fem/neu,masc/fem/neu
uk,hr,1227.3386742806,Slavic,Slavic,masc/fem/neu,masc/fem/neu
fr,hr,4405.07300459459,Romance,Slavic,masc/fem,masc/fem/neu
el,hr,4536.14226719345,Greek,Slavic,masc/fem/neu,masc/fem/neu
ca,hr,4406.86326537256,Romance,Slavic,masc/fem,masc/fem/neu
nl,hr,4406.507756249,Germanic,Slavic,com/neu,masc/fem/neu
sk,hr,1226.99132722054,Slavic,Slavic,masc/fem/neu,masc/fem/neu
ro,hr,4406.67348211566,Romance,Slavic,masc/fem/neu,masc/fem/neu
it,hr,4406.25322328562,Romance,Slavic,masc/fem,masc/fem/neu
pt,hr,4407.0325109822,Romance,Slavic,masc/fem,masc/fem/neu
bg,hr,666.07611935692,Slavic,Slavic,masc/fem/neu,masc/fem/neu
cs,hr,1226.47557400098,Slavic,Slavic,masc/fem/neu,masc/fem/neu
es,hr,4406.93135857564,Romance,Slavic,masc/fem,masc/fem/neu
sl,hr,820.43688052965,Slavic,Slavic,masc/fem/neu,masc/fem/neu
hr,hr,0,Slavic,Slavic,masc/fem/neu,masc/fem/neu
lt,hr,2457.008383865,Baltic,Slavic,masc/fem,masc/fem/neu
ru,hr,1227.02850322345,Slavic,Slavic,masc/fem/neu,masc/fem/neu
sl,cs,1227.02727721002,Slavic,Slavic,masc/fem/neu,masc/fem/neu
de,cs,4405.28838556123,Germanic,Slavic,masc/fem/neu,masc/fem/neu
uk,cs,727.78107806186,Slavic,Slavic,masc/fem/neu,masc/fem/neu
el,cs,4535.98173665248,Greek,Slavic,masc/fem/neu,masc/fem/neu
sk,cs,268.048898824021,Slavic,Slavic,masc/fem/neu,masc/fem/neu
es,cs,4406.77082803468,Romance,Slavic,masc/fem,masc/fem/neu
pl,cs,645.672993164385,Slavic,Slavic,masc/fem/neu,masc/fem/neu
hi,cs,4792.02864937654,Indo-Iranian,Slavic,masc/fem,masc/fem/neu
sv,cs,4406.35457891239,Germanic,Slavic,com/neu,masc/fem/neu
ca,cs,4406.7027348316,Romance,Slavic,masc/fem,masc/fem/neu
ru,cs,727.470907004705,Slavic,Slavic,masc/fem/neu,masc/fem/neu
fr,cs,4404.91247405363,Romance,Slavic,masc/fem,masc/fem/neu
lt,cs,2456.84785332403,Baltic,Slavic,masc/fem,masc/fem/neu
cs,cs,0,Slavic,Slavic,masc/fem/neu,masc/fem/neu
lv,cs,2456.94958368452,Baltic,Slavic,masc/fem,masc/fem/neu
nl,cs,4406.34722570803,Germanic,Slavic,com/neu,masc/fem/neu
ro,cs,4406.51295157469,Romance,Slavic,masc/fem/neu,masc/fem/neu
hr,cs,1226.47557400098,Slavic,Slavic,masc/fem/neu,masc/fem/neu
it,cs,4406.09269274466,Romance,Slavic,masc/fem,masc/fem/neu
pt,cs,4406.87198044123,Romance,Slavic,masc/fem,masc/fem/neu
bg,cs,1226.82435833036,Slavic,Slavic,masc/fem/neu,masc/fem/neu
da,cs,4406.09694475912,Germanic,Slavic,com/neu,masc/fem/neu
pl,da,4406.59287908091,Slavic,Germanic,masc/fem/neu,com/neu
uk,da,4406.96004503874,Slavic,Germanic,masc/fem/neu,com/neu
hi,da,4792.17260368428,Indo-Iranian,Germanic,masc/fem,com/neu
lv,da,4406.83613102297,Baltic,Germanic,masc/fem,com/neu
ro,da,3753.1636580383,Romance,Germanic,masc/fem/neu,com/neu
sv,da,497.60771332615,Germanic,Germanic,com/neu,com/neu
es,da,3753.42153449827,Romance,Germanic,masc/fem,com/neu
it,da,3752.74339920826,Romance,Germanic,masc/fem,com/neu
sk,da,4406.61269797868,Slavic,Germanic,masc/fem/neu,com/neu
nl,da,1669.28792153761,Germanic,Germanic,com/neu,com/neu
el,da,4536.12569096023,Greek,Germanic,masc/fem/neu,com/neu
sl,da,4406.80917850912,Slavic,Germanic,masc/fem/neu,com/neu
da,da,0,Germanic,Germanic,com/neu,com/neu
lt,da,4406.73440066249,Baltic,Germanic,masc/fem,com/neu
de,da,1668.22908139081,Germanic,Germanic,masc/fem/neu,com/neu
ru,da,4406.64987398159,Slavic,Germanic,masc/fem/neu,com/neu
fr,da,3751.56318051723,Romance,Germanic,masc/fem,com/neu
cs,da,4406.09694475912,Slavic,Germanic,masc/fem/neu,com/neu
ca,da,3753.35344129519,Romance,Germanic,masc/fem,com/neu
hr,da,4406.25747530009,Slavic,Germanic,masc/fem/neu,com/neu
pt,da,3753.52268690483,Romance,Germanic,masc/fem,com/neu
bg,da,4406.60625962947,Slavic,Germanic,masc/fem/neu,com/neu
uk,nl,4407.21032598765,Slavic,Germanic,masc/fem/neu,com/neu
lv,nl,4407.08641197189,Baltic,Germanic,masc/fem,com/neu
ru,nl,4406.9001549305,Slavic,Germanic,masc/fem/neu,com/neu
sl,nl,4407.05945945804,Slavic,Germanic,masc/fem/neu,com/neu
ro,nl,3753.4139389872,Romance,Germanic,masc/fem/neu,com/neu
sv,nl,1669.54555569089,Germanic,Germanic,com/neu,com/neu
hr,nl,4406.507756249,Slavic,Germanic,masc/fem/neu,com/neu
sk,nl,4406.86297892759,Slavic,Germanic,masc/fem/neu,com/neu
cs,nl,4406.34722570803,Slavic,Germanic,masc/fem/neu,com/neu
fr,nl,3751.81346146614,Romance,Germanic,masc/fem,com/neu
es,nl,3753.67181544719,Romance,Germanic,masc/fem,com/neu
bg,nl,4406.85654057838,Slavic,Germanic,masc/fem/neu,com/neu
hi,nl,4792.4228846332,Indo-Iranian,Germanic,masc/fem,com/neu
pl,nl,4406.84316002983,Slavic,Germanic,masc/fem/neu,com/neu
nl,nl,0,Germanic,Germanic,com/neu,com/neu
el,nl,4536.37597190914,Greek,Germanic,masc/fem/neu,com/neu
de,nl,1386.77341544442,Germanic,Germanic,masc/fem/neu,com/neu
da,nl,1669.28792153761,Germanic,Germanic,com/neu,com/neu
lt,nl,4406.98468161139,Baltic,Germanic,masc/fem,com/neu
ca,nl,3753.60372224411,Romance,Germanic,masc/fem,com/neu
it,nl,3752.99368015716,Romance,Germanic,masc/fem,com/neu
pt,nl,3753.77296785374,Romance,Germanic,masc/fem,com/neu
sk,hi,4792.5444025961,Slavic,Indo-Iranian,masc/fem/neu,masc/fem
hi,hi,0,Indo-Iranian,Indo-Iranian,masc/fem,masc/fem
fr,hi,4790.98813297879,Romance,Indo-Iranian,masc/fem,masc/fem
pl,hi,4792.52458369833,Slavic,Indo-Iranian,masc/fem/neu,masc/fem
cs,hi,4792.02864937654,Slavic,Indo-Iranian,masc/fem/neu,masc/fem
el,hi,4792.54494367325,Greek,Indo-Iranian,masc/fem/neu,masc/fem
lv,hi,4792.7678356404,Baltic,Indo-Iranian,masc/fem,masc/fem
nl,hi,4792.4228846332,Germanic,Indo-Iranian,com/neu,masc/fem
ru,hi,4792.58157859901,Slavic,Indo-Iranian,masc/fem/neu,masc/fem
ro,hi,4792.58861049986,Romance,Indo-Iranian,masc/fem/neu,masc/fem
ca,hi,4792.77839375676,Romance,Indo-Iranian,masc/fem,masc/fem
da,hi,4792.17260368428,Germanic,Indo-Iranian,com/neu,masc/fem
lt,hi,4792.66610527991,Baltic,Indo-Iranian,masc/fem,masc/fem
it,hi,4792.16835166981,Romance,Indo-Iranian,masc/fem,masc/fem
pt,hi,4792.9476393664,Romance,Indo-Iranian,masc/fem,masc/fem
es,hi,4792.84648695983,Romance,Indo-Iranian,masc/fem,masc/fem
uk,hi,4792.89174965616,Slavic,Indo-Iranian,masc/fem/neu,masc/fem
bg,hi,4792.53796424689,Slavic,Indo-Iranian,masc/fem/neu,masc/fem
sv,hi,4792.43023783756,Germanic,Indo-Iranian,com/neu,masc/fem
sl,hi,4792.74088312654,Slavic,Indo-Iranian,masc/fem/neu,masc/fem
de,hi,4791.36404448639,Germanic,Indo-Iranian,masc/fem/neu,masc/fem
hr,hi,4792.1891799175,Slavic,Indo-Iranian,masc/fem/neu,masc/fem
sv,it,3753.00103336153,Germanic,Romance,com/neu,masc/fem
hi,it,4792.16835166981,Indo-Iranian,Romance,masc/fem,masc/fem
uk,it,4406.95579302428,Slavic,Romance,masc/fem/neu,masc/fem
lt,it,4406.73014864802,Baltic,Romance,masc/fem,masc/fem
lv,it,4406.83187900851,Baltic,Romance,masc/fem,masc/fem
da,it,3752.74339920826,Germanic,Romance,com/neu,masc/fem
bg,it,4406.60200761501,Slavic,Romance,masc/fem/neu,masc/fem
de,it,3751.93484001036,Germanic,Romance,masc/fem/neu,masc/fem
sk,it,4406.60844596422,Slavic,Romance,masc/fem/neu,masc/fem
es,it,905.922658149185,Romance,Romance,masc/fem,masc/fem
pl,it,4406.58862706645,Slavic,Romance,masc/fem/neu,masc/fem
sl,it,4406.80492649466,Slavic,Romance,masc/fem/neu,masc/fem
ru,it,4406.64562196712,Slavic,Romance,masc/fem/neu,masc/fem
fr,it,904.06430416814,Romance,Romance,masc/fem,masc/fem
cs,it,4406.09269274466,Slavic,Romance,masc/fem/neu,masc/fem
el,it,4536.12143894576,Greek,Romance,masc/fem/neu,masc/fem
ro,it,1105.20559710308,Romance,Romance,masc/fem/neu,masc/fem
ca,it,905.854564946105,Romance,Romance,masc/fem,masc/fem
hr,it,4406.25322328562,Slavic,Romance,masc/fem/neu,masc/fem
it,it,0,Romance,Romance,masc/fem,masc/fem
nl,it,3752.99368015716,Germanic,Romance,com/neu,masc/fem
pt,it,906.02381055574,Romance,Romance,masc/fem,masc/fem
es,lv,4407.51001429853,Romance,Baltic,masc/fem,masc/fem
bg,lv,2457.45889855487,Slavic,Baltic,masc/fem/neu,masc/fem
da,lv,4406.83613102297,Germanic,Baltic,com/neu,masc/fem
sl,lv,2457.66181743453,Slavic,Baltic,masc/fem/neu,masc/fem
ca,lv,4407.44192109545,Romance,Baltic,masc/fem,masc/fem
pl,lv,2457.44551800632,Slavic,Baltic,masc/fem/neu,masc/fem
hi,lv,4792.7678356404,Indo-Iranian,Baltic,masc/fem,masc/fem
ro,lv,4407.25213783855,Romance,Baltic,masc/fem/neu,masc/fem
sk,lv,2457.46533690409,Slavic,Baltic,masc/fem/neu,masc/fem
ru,lv,2457.50251290699,Slavic,Baltic,masc/fem/neu,masc/fem
sv,lv,4407.09376517625,Germanic,Baltic,com/neu,masc/fem
cs,lv,2456.94958368452,Slavic,Baltic,masc/fem/neu,masc/fem
nl,lv,4407.08641197189,Germanic,Baltic,com/neu,masc/fem
el,lv,4536.72092291635,Greek,Baltic,masc/fem/neu,masc/fem
de,lv,4406.02757182509,Germanic,Baltic,masc/fem/neu,masc/fem
lt,lv,917.246311338605,Baltic,Baltic,masc/fem,masc/fem
fr,lv,4405.65166031749,Romance,Baltic,masc/fem,masc/fem
lv,lv,0,Baltic,Baltic,masc/fem,masc/fem
hr,lv,2457.11011422549,Slavic,Baltic,masc/fem/neu,masc/fem
it,lv,4406.83187900851,Romance,Baltic,masc/fem,masc/fem
pt,lv,4407.61116670509,Romance,Baltic,masc/fem,masc/fem
uk,lv,2457.81268396414,Slavic,Baltic,masc/fem/neu,masc/fem
hi,lt,4792.66610527991,Indo-Iranian,Baltic,masc/fem,masc/fem
lt,lt,0,Baltic,Baltic,masc/fem,masc/fem
lv,lt,917.246311338605,Baltic,Baltic,masc/fem,masc/fem
uk,lt,2457.71095360366,Slavic,Baltic,masc/fem/neu,masc/fem
da,lt,4406.73440066249,Germanic,Baltic,com/neu,masc/fem
hr,lt,2457.008383865,Slavic,Baltic,masc/fem/neu,masc/fem
el,lt,4536.61919255585,Greek,Baltic,masc/fem/neu,masc/fem
cs,lt,2456.84785332403,Slavic,Baltic,masc/fem/neu,masc/fem
it,lt,4406.73014864802,Romance,Baltic,masc/fem,masc/fem
ro,lt,4407.15040747806,Romance,Baltic,masc/fem/neu,masc/fem
nl,lt,4406.98468161139,Germanic,Baltic,com/neu,masc/fem
es,lt,4407.40828393804,Romance,Baltic,masc/fem,masc/fem
bg,lt,2457.35716819438,Slavic,Baltic,masc/fem/neu,masc/fem
pl,lt,2457.34378764583,Slavic,Baltic,masc/fem/neu,masc/fem
sk,lt,2457.3636065436,Slavic,Baltic,masc/fem/neu,masc/fem
sv,lt,4406.99203481576,Germanic,Baltic,com/neu,masc/fem
sl,lt,2457.56008707404,Slavic,Baltic,masc/fem/neu,masc/fem
de,lt,4405.92584146459,Germanic,Baltic,masc/fem/neu,masc/fem
ru,lt,2457.40078254651,Slavic,Baltic,masc/fem/neu,masc/fem
fr,lt,4405.54992995699,Romance,Baltic,masc/fem,masc/fem
ca,lt,4407.34019073497,Romance,Baltic,masc/fem,masc/fem
pt,lt,4407.5094363446,Romance,Baltic,masc/fem,masc/fem
sl,el,4536.69397040249,Slavic,Greek,masc/fem/neu,masc/fem/neu
sk,el,4536.49748987205,Slavic,Greek,masc/fem/neu,masc/fem/neu
de,el,4535.31713176234,Germanic,Greek,masc/fem/neu,masc/fem/neu
sv,el,4536.3833251135,Germanic,Greek,com/neu,masc/fem/neu
es,el,4536.79957423579,Romance,Greek,masc/fem,masc/fem/neu
nl,el,4536.37597190914,Germanic,Greek,com/neu,masc/fem/neu
pl,el,4536.47767097428,Slavic,Greek,masc/fem/neu,masc/fem/neu
fr,el,4534.94122025474,Romance,Greek,masc/fem,masc/fem/neu
cs,el,4535.98173665248,Slavic,Greek,masc/fem/neu,masc/fem/neu
el,el,0,Greek,Greek,masc/fem/neu,masc/fem/neu
lv,el,4536.72092291635,Baltic,Greek,masc/fem,masc/fem/neu
ro,el,4536.5416977758,Romance,Greek,masc/fem/neu,masc/fem/neu
ca,el,4536.73148103271,Romance,Greek,masc/fem,masc/fem/neu
da,el,4536.12569096023,Germanic,Greek,com/neu,masc/fem/neu
lt,el,4536.61919255585,Baltic,Greek,masc/fem,masc/fem/neu
ru,el,4536.53466587495,Slavic,Greek,masc/fem/neu,masc/fem/neu
hr,el,4536.14226719345,Slavic,Greek,masc/fem/neu,masc/fem/neu
pt,el,4536.90072664234,Romance,Greek,masc/fem,masc/fem/neu
uk,el,4536.8448369321,Slavic,Greek,masc/fem/neu,masc/fem/neu
hi,el,4792.54494367325,Indo-Iranian,Greek,masc/fem,masc/fem/neu
it,el,4536.12143894576,Romance,Greek,masc/fem,masc/fem/neu
bg,el,4536.49105152283,Slavic,Greek,masc/fem/neu,masc/fem/neu
ru,pl,727.9668413265,Slavic,Slavic,masc/fem/neu,masc/fem/neu
ro,pl,4407.00888589648,Romance,Slavic,masc/fem/neu,masc/fem/neu
uk,pl,728.27701238365,Slavic,Slavic,masc/fem/neu,masc/fem/neu
nl,pl,4406.84316002983,Germanic,Slavic,com/neu,masc/fem/neu
pl,pl,0,Slavic,Slavic,masc/fem/neu,masc/fem/neu
sv,pl,4406.85051323419,Germanic,Slavic,com/neu,masc/fem/neu
hi,pl,4792.52458369833,Indo-Iranian,Slavic,masc/fem,masc/fem/neu
el,pl,4536.47767097428,Greek,Slavic,masc/fem/neu,masc/fem/neu
lv,pl,2457.44551800632,Baltic,Slavic,masc/fem,masc/fem/neu
sk,pl,646.18874638395,Slavic,Slavic,masc/fem/neu,masc/fem/neu
sl,pl,1227.52321153181,Slavic,Slavic,masc/fem/neu,masc/fem/neu
de,pl,4405.78431988303,Germanic,Slavic,masc/fem/neu,masc/fem/neu
fr,pl,4405.40840837543,Romance,Slavic,masc/fem,masc/fem/neu
lt,pl,2457.34378764583,Baltic,Slavic,masc/fem,masc/fem/neu
cs,pl,645.672993164385,Slavic,Slavic,masc/fem/neu,masc/fem/neu
ca,pl,4407.19866915339,Romance,Slavic,masc/fem,masc/fem/neu
da,pl,4406.59287908091,Germanic,Slavic,com/neu,masc/fem/neu
hr,pl,1226.97150832277,Slavic,Slavic,masc/fem/neu,masc/fem/neu
it,pl,4406.58862706645,Romance,Slavic,masc/fem,masc/fem/neu
pt,pl,4407.36791476302,Romance,Slavic,masc/fem,masc/fem/neu
es,pl,4407.26676235646,Romance,Slavic,masc/fem,masc/fem/neu
bg,pl,1227.32029265216,Slavic,Slavic,masc/fem/neu,masc/fem/neu
uk,pt,4407.73508072085,Slavic,Romance,masc/fem/neu,masc/fem
pl,pt,4407.36791476302,Slavic,Romance,masc/fem/neu,masc/fem
es,pt,369.504035176541,Romance,Romance,masc/fem,masc/fem
lv,pt,4407.61116670509,Baltic,Romance,masc/fem,masc/fem
da,pt,3753.52268690483,Germanic,Romance,com/neu,masc/fem
bg,pt,4407.38129531158,Slavic,Romance,masc/fem/neu,masc/fem
hi,pt,4792.9476393664,Indo-Iranian,Romance,masc/fem,masc/fem
cs,pt,4406.87198044123,Slavic,Romance,masc/fem/neu,masc/fem
sk,pt,4407.38773366079,Slavic,Romance,masc/fem/neu,masc/fem
sv,pt,3753.78032105811,Germanic,Romance,com/neu,masc/fem
nl,pt,3753.77296785374,Germanic,Romance,com/neu,masc/fem
fr,pt,770.996914111315,Romance,Romance,masc/fem,masc/fem
el,pt,4536.90072664234,Greek,Romance,masc/fem/neu,masc/fem
sl,pt,4407.58421419124,Slavic,Romance,masc/fem/neu,masc/fem
de,pt,3752.71412770694,Germanic,Romance,masc/fem/neu,masc/fem
lt,pt,4407.5094363446,Baltic,Romance,masc/fem,masc/fem
ru,pt,4407.4249096637,Slavic,Romance,masc/fem/neu,masc/fem
ro,pt,1105.98488479966,Romance,Romance,masc/fem/neu,masc/fem
ca,pt,626.235453549725,Romance,Romance,masc/fem,masc/fem
hr,pt,4407.0325109822,Slavic,Romance,masc/fem/neu,masc/fem
it,pt,906.02381055574,Romance,Romance,masc/fem,masc/fem
pt,pt,0,Romance,Romance,masc/fem,masc/fem
uk,ro,4407.37605185431,Slavic,Romance,masc/fem/neu,masc/fem/neu
sl,ro,4407.2251853247,Slavic,Romance,masc/fem/neu,masc/fem/neu
ru,ro,4407.06588079716,Slavic,Romance,masc/fem/neu,masc/fem/neu
es,ro,1105.8837323931,Romance,Romance,masc/fem,masc/fem/neu
hi,ro,4792.58861049986,Indo-Iranian,Romance,masc/fem,masc/fem/neu
ro,ro,0,Romance,Romance,masc/fem/neu,masc/fem/neu
pl,ro,4407.00888589648,Slavic,Romance,masc/fem/neu,masc/fem/neu
lv,ro,4407.25213783855,Baltic,Romance,masc/fem,masc/fem/neu
el,ro,4536.5416977758,Greek,Romance,masc/fem/neu,masc/fem/neu
sk,ro,4407.02870479425,Slavic,Romance,masc/fem/neu,masc/fem/neu
sv,ro,3753.42129219157,Germanic,Romance,com/neu,masc/fem/neu
it,ro,1105.20559710308,Romance,Romance,masc/fem,masc/fem/neu
fr,ro,1104.02537841206,Romance,Romance,masc/fem,masc/fem/neu
pt,ro,1105.98488479966,Romance,Romance,masc/fem,masc/fem/neu
bg,ro,4407.02226644504,Slavic,Romance,masc/fem/neu,masc/fem/neu
lt,ro,4407.15040747806,Baltic,Romance,masc/fem,masc/fem/neu
nl,ro,3753.4139389872,Germanic,Romance,com/neu,masc/fem/neu
de,ro,3752.3550988404,Germanic,Romance,masc/fem/neu,masc/fem/neu
da,ro,3753.1636580383,Germanic,Romance,com/neu,masc/fem/neu
cs,ro,4406.51295157469,Slavic,Romance,masc/fem/neu,masc/fem/neu
ca,ro,1105.81563919002,Romance,Romance,masc/fem,masc/fem/neu
hr,ro,4406.67348211566,Slavic,Romance,masc/fem/neu,masc/fem/neu
nl,ru,4406.9001549305,Germanic,Slavic,com/neu,masc/fem/neu
pl,ru,727.9668413265,Slavic,Slavic,masc/fem/neu,masc/fem/neu
uk,ru,599.297606538595,Slavic,Slavic,masc/fem/neu,masc/fem/neu
sl,ru,1227.58020643249,Slavic,Slavic,masc/fem/neu,masc/fem/neu
hi,ru,4792.58157859901,Indo-Iranian,Slavic,masc/fem,masc/fem/neu
lt,ru,2457.40078254651,Baltic,Slavic,masc/fem,masc/fem/neu
es,ru,4407.32375725714,Romance,Slavic,masc/fem,masc/fem/neu
ru,ru,0,Slavic,Slavic,masc/fem/neu,masc/fem/neu
sv,ru,4406.90750813486,Germanic,Slavic,com/neu,masc/fem/neu
da,ru,4406.64987398159,Germanic,Slavic,com/neu,masc/fem/neu
sk,ru,727.98666022427,Slavic,Slavic,masc/fem/neu,masc/fem/neu
fr,ru,4405.4654032761,Romance,Slavic,masc/fem,masc/fem/neu
el,ru,4536.53466587495,Greek,Slavic,masc/fem/neu,masc/fem/neu
cs,ru,727.470907004705,Slavic,Slavic,masc/fem/neu,masc/fem/neu
lv,ru,2457.50251290699,Baltic,Slavic,masc/fem,masc/fem/neu
ro,ru,4407.06588079716,Romance,Slavic,masc/fem/neu,masc/fem/neu
de,ru,4405.8413147837,Germanic,Slavic,masc/fem/neu,masc/fem/neu
ca,ru,4407.25566405406,Romance,Slavic,masc/fem,masc/fem/neu
hr,ru,1227.02850322345,Slavic,Slavic,masc/fem/neu,masc/fem/neu
it,ru,4406.64562196712,Romance,Slavic,masc/fem,masc/fem/neu
pt,ru,4407.4249096637,Romance,Slavic,masc/fem,masc/fem/neu
bg,ru,1227.37728755284,Slavic,Slavic,masc/fem/neu,masc/fem/neu
uk,sl,1227.89037748964,Slavic,Slavic,masc/fem/neu,masc/fem/neu
sk,sl,1227.54303042959,Slavic,Slavic,masc/fem/neu,masc/fem/neu
bg,sl,820.785664859035,Slavic,Slavic,masc/fem/neu,masc/fem/neu
hr,sl,820.43688052965,Slavic,Slavic,masc/fem/neu,masc/fem/neu
da,sl,4406.80917850912,Germanic,Slavic,com/neu,masc/fem/neu
hi,sl,4792.74088312654,Indo-Iranian,Slavic,masc/fem,masc/fem/neu
pl,sl,1227.52321153181,Slavic,Slavic,masc/fem/neu,masc/fem/neu
es,sl,4407.48306178468,Romance,Slavic,masc/fem,masc/fem/neu
cs,sl,1227.02727721002,Slavic,Slavic,masc/fem/neu,masc/fem/neu
sv,sl,4407.0668126624,Germanic,Slavic,com/neu,masc/fem/neu
nl,sl,4407.05945945804,Germanic,Slavic,com/neu,masc/fem/neu
sl,sl,0,Slavic,Slavic,masc/fem/neu,masc/fem/neu
de,sl,4406.00061931123,Germanic,Slavic,masc/fem/neu,masc/fem/neu
el,sl,4536.69397040249,Greek,Slavic,masc/fem/neu,masc/fem/neu
lt,sl,2457.56008707404,Baltic,Slavic,masc/fem,masc/fem/neu
ru,sl,1227.58020643249,Slavic,Slavic,masc/fem/neu,masc/fem/neu
fr,sl,4405.62470780363,Romance,Slavic,masc/fem,masc/fem/neu
lv,sl,2457.66181743453,Baltic,Slavic,masc/fem,masc/fem/neu
ro,sl,4407.2251853247,Romance,Slavic,masc/fem/neu,masc/fem/neu
ca,sl,4407.4149685816,Romance,Slavic,masc/fem,masc/fem/neu
it,sl,4406.80492649466,Romance,Slavic,masc/fem,masc/fem/neu
pt,sl,4407.58421419124,Romance,Slavic,masc/fem,masc/fem/neu
hi,sk,4792.5444025961,Indo-Iranian,Slavic,masc/fem,masc/fem/neu
ro,sk,4407.02870479425,Romance,Slavic,masc/fem/neu,masc/fem/neu
pl,sk,646.18874638395,Slavic,Slavic,masc/fem/neu,masc/fem/neu
el,sk,4536.49748987205,Greek,Slavic,masc/fem/neu,masc/fem/neu
sk,sk,0,Slavic,Slavic,masc/fem/neu,masc/fem/neu
nl,sk,4406.86297892759,Germanic,Slavic,com/neu,masc/fem/neu
cs,sk,268.048898824021,Slavic,Slavic,masc/fem/neu,masc/fem/neu
lt,sk,2457.3636065436,Baltic,Slavic,masc/fem,masc/fem/neu
pt,sk,4407.38773366079,Romance,Slavic,masc/fem,masc/fem/neu
es,sk,4407.28658125424,Romance,Slavic,masc/fem,masc/fem/neu
ca,sk,4407.21848805116,Romance,Slavic,masc/fem,masc/fem/neu
lv,sk,2457.46533690409,Baltic,Slavic,masc/fem,masc/fem/neu
uk,sk,728.29683128142,Slavic,Slavic,masc/fem/neu,masc/fem/neu
da,sk,4406.61269797868,Germanic,Slavic,com/neu,masc/fem/neu
sv,sk,4406.87033213196,Germanic,Slavic,com/neu,masc/fem/neu
it,sk,4406.60844596422,Romance,Slavic,masc/fem,masc/fem/neu
sl,sk,1227.54303042959,Slavic,Slavic,masc/fem/neu,masc/fem/neu
de,sk,4405.8041387808,Germanic,Slavic,masc/fem/neu,masc/fem/neu
ru,sk,727.98666022427,Slavic,Slavic,masc/fem/neu,masc/fem/neu
fr,sk,4405.4282272732,Romance,Slavic,masc/fem,masc/fem/neu
hr,sk,1226.99132722054,Slavic,Slavic,masc/fem/neu,masc/fem/neu
bg,sk,1227.34011154993,Slavic,Slavic,masc/fem/neu,masc/fem/neu
es,es,0,Romance,Romance,masc/fem,masc/fem
uk,es,4407.6339283143,Slavic,Romance,masc/fem/neu,masc/fem
sv,es,3753.67916865155,Germanic,Romance,com/neu,masc/fem
fr,es,770.89576170476,Romance,Romance,masc/fem,masc/fem
cs,es,4406.77082803468,Slavic,Romance,masc/fem/neu,masc/fem
lv,es,4407.51001429853,Baltic,Romance,masc/fem,masc/fem
sl,es,4407.48306178468,Slavic,Romance,masc/fem/neu,masc/fem
de,es,3752.61297530039,Germanic,Romance,masc/fem/neu,masc/fem
sk,es,4407.28658125424,Slavic,Romance,masc/fem/neu,masc/fem
ro,es,1105.8837323931,Romance,Romance,masc/fem/neu,masc/fem
pl,es,4407.26676235646,Slavic,Romance,masc/fem/neu,masc/fem
hr,es,4406.93135857564,Slavic,Romance,masc/fem/neu,masc/fem
ru,es,4407.32375725714,Slavic,Romance,masc/fem/neu,masc/fem
ca,es,626.134301143165,Romance,Romance,masc/fem,masc/fem
pt,es,369.504035176541,Romance,Romance,masc/fem,masc/fem
bg,es,4407.28014290503,Slavic,Romance,masc/fem/neu,masc/fem
hi,es,4792.84648695983,Indo-Iranian,Romance,masc/fem,masc/fem
nl,es,3753.67181544719,Germanic,Romance,com/neu,masc/fem
el,es,4536.79957423579,Greek,Romance,masc/fem/neu,masc/fem
da,es,3753.42153449827,Germanic,Romance,com/neu,masc/fem
lt,es,4407.40828393804,Baltic,Romance,masc/fem,masc/fem
it,es,905.922658149185,Romance,Romance,masc/fem,masc/fem
sv,ca,3753.61107544847,Germanic,Romance,com/neu,masc/fem
el,ca,4536.73148103271,Greek,Romance,masc/fem/neu,masc/fem
sl,ca,4407.4149685816,Slavic,Romance,masc/fem/neu,masc/fem
ro,ca,1105.81563919002,Romance,Romance,masc/fem/neu,masc/fem
sk,ca,4407.21848805116,Slavic,Romance,masc/fem/neu,masc/fem
hi,ca,4792.77839375676,Indo-Iranian,Romance,masc/fem,masc/fem
pl,ca,4407.19866915339,Slavic,Romance,masc/fem/neu,masc/fem
uk,ca,4407.56583511122,Slavic,Romance,masc/fem/neu,masc/fem
nl,ca,3753.60372224411,Germanic,Romance,com/neu,masc/fem
da,ca,3753.35344129519,Germanic,Romance,com/neu,masc/fem
lt,ca,4407.34019073497,Baltic,Romance,masc/fem,masc/fem
ru,ca,4407.25566405406,Slavic,Romance,masc/fem/neu,masc/fem
fr,ca,770.82766850168,Romance,Romance,masc/fem,masc/fem
es,ca,626.134301143165,Romance,Romance,masc/fem,masc/fem
cs,ca,4406.7027348316,Slavic,Romance,masc/fem/neu,masc/fem
lv,ca,4407.44192109545,Baltic,Romance,masc/fem,masc/fem
ca,ca,0,Romance,Romance,masc/fem,masc/fem
hr,ca,4406.86326537256,Slavic,Romance,masc/fem/neu,masc/fem
it,ca,905.854564946105,Romance,Romance,masc/fem,masc/fem
pt,ca,626.235453549725,Romance,Romance,masc/fem,masc/fem
bg,ca,4407.21204970195,Slavic,Romance,masc/fem/neu,masc/fem
de,ca,3752.54488209731,Germanic,Romance,masc/fem/neu,masc/fem
lv,fr,4405.65166031749,Baltic,Romance,masc/fem,masc/fem
es,fr,770.89576170476,Romance,Romance,masc/fem,masc/fem
cs,fr,4404.91247405363,Slavic,Romance,masc/fem/neu,masc/fem
ro,fr,1104.02537841206,Romance,Romance,masc/fem/neu,masc/fem
da,fr,3751.56318051723,Germanic,Romance,com/neu,masc/fem
pl,fr,4405.40840837543,Slavic,Romance,masc/fem/neu,masc/fem
lt,fr,4405.54992995699,Baltic,Romance,masc/fem,masc/fem
ru,fr,4405.4654032761,Slavic,Romance,masc/fem/neu,masc/fem
bg,fr,4405.42178892398,Slavic,Romance,masc/fem/neu,masc/fem
sv,fr,3751.82081467051,Germanic,Romance,com/neu,masc/fem
uk,fr,4405.77557433325,Slavic,Romance,masc/fem/neu,masc/fem
hi,fr,4790.98813297879,Indo-Iranian,Romance,masc/fem,masc/fem
nl,fr,3751.81346146614,Germanic,Romance,com/neu,masc/fem
sk,fr,4405.4282272732,Slavic,Romance,masc/fem/neu,masc/fem
el,fr,4534.94122025474,Greek,Romance,masc/fem/neu,masc/fem
sl,fr,4405.62470780363,Slavic,Romance,masc/fem/neu,masc/fem
de,fr,3750.75462131934,Germanic,Romance,masc/fem/neu,masc/fem
fr,fr,0,Romance,Romance,masc/fem,masc/fem
ca,fr,770.82766850168,Romance,Romance,masc/fem,masc/fem
hr,fr,4405.07300459459,Slavic,Romance,masc/fem/neu,masc/fem
it,fr,904.06430416814,Romance,Romance,masc/fem,masc/fem
pt,fr,770.996914111315,Romance,Romance,masc/fem,masc/fem
pl,de,4405.78431988303,Slavic,Germanic,masc/fem/neu,masc/fem/neu
sl,de,4406.00061931123,Slavic,Germanic,masc/fem/neu,masc/fem/neu
de,de,0,Germanic,Germanic,masc/fem/neu,masc/fem/neu
cs,de,4405.28838556123,Slavic,Germanic,masc/fem/neu,masc/fem/neu
lt,de,4405.92584146459,Baltic,Germanic,masc/fem,masc/fem/neu
ru,de,4405.8413147837,Slavic,Germanic,masc/fem/neu,masc/fem/neu
ca,de,3752.54488209731,Romance,Germanic,masc/fem,masc/fem/neu
fr,de,3750.75462131934,Romance,Germanic,masc/fem,masc/fem/neu
pt,de,3752.71412770694,Romance,Germanic,masc/fem,masc/fem/neu
ro,de,3752.3550988404,Romance,Germanic,masc/fem/neu,masc/fem/neu
es,de,3752.61297530039,Romance,Germanic,masc/fem,masc/fem/neu
uk,de,4406.15148584085,Slavic,Germanic,masc/fem/neu,masc/fem/neu
da,de,1668.22908139081,Germanic,Germanic,com/neu,masc/fem/neu
sk,de,4405.8041387808,Slavic,Germanic,masc/fem/neu,masc/fem/neu
hi,de,4791.36404448639,Indo-Iranian,Germanic,masc/fem,masc/fem/neu
sv,de,1668.48671554409,Germanic,Germanic,com/neu,masc/fem/neu
nl,de,1386.77341544442,Germanic,Germanic,com/neu,masc/fem/neu
el,de,4535.31713176234,Greek,Germanic,masc/fem/neu,masc/fem/neu
lv,de,4406.02757182509,Baltic,Germanic,masc/fem,masc/fem/neu
hr,de,4405.44891610219,Slavic,Germanic,masc/fem/neu,masc/fem/neu
it,de,3751.93484001036,Romance,Germanic,masc/fem,masc/fem/neu
bg,de,4405.79770043158,Slavic,Germanic,masc/fem/neu,masc/fem/neu
de,sv,1668.48671554409,Germanic,Germanic,masc/fem/neu,com/neu
uk,sv,4407.21767919201,Slavic,Germanic,masc/fem/neu,com/neu
sl,sv,4407.0668126624,Slavic,Germanic,masc/fem/neu,com/neu
hi,sv,4792.43023783756,Indo-Iranian,Germanic,masc/fem,com/neu
ru,sv,4406.90750813486,Slavic,Germanic,masc/fem/neu,com/neu
el,sv,4536.3833251135,Greek,Germanic,masc/fem/neu,com/neu
cs,sv,4406.35457891239,Slavic,Germanic,masc/fem/neu,com/neu
lv,sv,4407.09376517625,Baltic,Germanic,masc/fem,com/neu
ro,sv,3753.42129219157,Romance,Germanic,masc/fem/neu,com/neu
pl,sv,4406.85051323419,Slavic,Germanic,masc/fem/neu,com/neu
da,sv,497.60771332615,Germanic,Germanic,com/neu,com/neu
lt,sv,4406.99203481576,Baltic,Germanic,masc/fem,com/neu
hr,sv,4406.51510945336,Slavic,Germanic,masc/fem/neu,com/neu
it,sv,3753.00103336153,Romance,Germanic,masc/fem,com/neu
pt,sv,3753.78032105811,Romance,Germanic,masc/fem,com/neu
sv,sv,0,Germanic,Germanic,com/neu,com/neu
nl,sv,1669.54555569089,Germanic,Germanic,com/neu,com/neu
fr,sv,3751.82081467051,Romance,Germanic,masc/fem,com/neu
es,sv,3753.67916865155,Romance,Germanic,masc/fem,com/neu
bg,sv,4406.86389378275,Slavic,Germanic,masc/fem/neu,com/neu
sk,sv,4406.87033213196,Slavic,Germanic,masc/fem/neu,com/neu
ca,sv,3753.61107544847,Romance,Germanic,masc/fem,com/neu
sk,uk,728.29683128142,Slavic,Slavic,masc/fem/neu,masc/fem/neu
pl,uk,728.27701238365,Slavic,Slavic,masc/fem/neu,masc/fem/neu
sv,uk,4407.21767919201,Germanic,Slavic,com/neu,masc/fem/neu
da,uk,4406.96004503874,Germanic,Slavic,com/neu,masc/fem/neu
hi,uk,4792.89174965616,Indo-Iranian,Slavic,masc/fem,masc/fem/neu
cs,uk,727.78107806186,Slavic,Slavic,masc/fem/neu,masc/fem/neu
bg,uk,1227.68745860999,Slavic,Slavic,masc/fem/neu,masc/fem/neu
nl,uk,4407.21032598765,Germanic,Slavic,com/neu,masc/fem/neu
hr,uk,1227.3386742806,Slavic,Slavic,masc/fem/neu,masc/fem/neu
el,uk,4536.8448369321,Greek,Slavic,masc/fem/neu,masc/fem/neu
lt,uk,2457.71095360366,Baltic,Slavic,masc/fem,masc/fem/neu
sl,uk,1227.89037748964,Slavic,Slavic,masc/fem/neu,masc/fem/neu
es,uk,4407.6339283143,Romance,Slavic,masc/fem,masc/fem/neu
ru,uk,599.297606538595,Slavic,Slavic,masc/fem/neu,masc/fem/neu
fr,uk,4405.77557433325,Romance,Slavic,masc/fem,masc/fem/neu
lv,uk,2457.81268396414,Baltic,Slavic,masc/fem,masc/fem/neu
ro,uk,4407.37605185431,Romance,Slavic,masc/fem/neu,masc/fem/neu
ca,uk,4407.56583511122,Romance,Slavic,masc/fem,masc/fem/neu
it,uk,4406.95579302428,Romance,Slavic,masc/fem,masc/fem/neu
pt,uk,4407.73508072085,Romance,Slavic,masc/fem,masc/fem/neu
de,uk,4406.15148584085,Germanic,Slavic,masc/fem/neu,masc/fem/neu
uk,uk,0,Slavic,Slavic,masc/fem/neu,masc/fem/neu
